{"coolant_temp":262.26807,"intake_air_temp":18.780598,"intake_air_flow_speed":15.997148,"battery_percentage":35.11709,"battery_voltage":2989.3672,"current_draw":2312.6284,"speed":9.780016,"engine_vibration_amplitude":978.0016,"throttle_pos":0.8460731,"tire_pressure_1_1":33,"tire_pressure_1_2":30,"tire_pressure_2_1":30,"tire_pressure_2_2":33,"accelerometer_1_1_value":0.024613857,"accelerometer_1_2_value":0.673047,"accelerometer_2_1_value":0.96639943,"accelerometer_2_2_value":0.6244283,"control_unit_firmware":2000,"coolantTemp":262.26807,"intakeAirTemp":18.780598,"intakeAirFlowSpeed":15.997148,"batteryPercentage":35.11709,"batteryVoltage":2989.3672,"currentDraw":2312.6284,"engineVibrationAmplitude":978.0016,"throttlePos":0.8460731,"tirePressure11":33,"tirePressure12":30,"tirePressure21":30,"tirePressure22":33,"accelerometer11Value":0.024613857,"accelerometer12Value":0.673047,"accelerometer21Value":0.96639943,"accelerometer22Value":0.6244283,"controlUnitFirmware":2000}
{"coolant_temp":292.1173,"intake_air_temp":18.780598,"intake_air_flow_speed":15.997148,"battery_percentage":35.107307,"battery_voltage":2989.3672,"current_draw":2733.3672,"speed":15.601812,"engine_vibration_amplitude":1560.1813,"throttle_pos":1.0,"tire_pressure_1_1":30,"tire_pressure_1_2":33,"tire_pressure_2_1":30,"tire_pressure_2_2":33,"accelerometer_1_1_value":0.24413645,"accelerometer_1_2_value":0.8020851,"accelerometer_2_1_value":0.31978464,"accelerometer_2_2_value":0.105629206,"control_unit_firmware":2000,"coolantTemp":292.1173,"intakeAirTemp":18.780598,"intakeAirFlowSpeed":15.997148,"batteryPercentage":35.107307,"batteryVoltage":2989.3672,"currentDraw":2733.3672,"engineVibrationAmplitude":1560.1813,"throttlePos":1.0,"tirePressure11":30,"tirePressure12":33,"tirePressure21":30,"tirePressure22":33,"accelerometer11Value":0.24413645,"accelerometer12Value":0.8020851,"accelerometer21Value":0.31978464,"accelerometer22Value":0.105629206,"controlUnitFirmware":2000}
{"coolant_temp":201.53812,"intake_air_temp":18.780598,"intake_air_flow_speed":15.997148,"battery_percentage":35.091705,"battery_voltage":2989.3672,"current_draw":1827.5753,"speed":17.681818,"engine_vibration_amplitude":1768.1818,"throttle_pos":0.66861683,"tire_pressure_1_1":34,"tire_pressure_1_2":33,"tire_pressure_2_1":34,"tire_pressure_2_2":32,"accelerometer_1_1_value":0.8676127,"accelerometer_1_2_value":0.1263411,"accelerometer_2_1_value":0.09983331,"accelerometer_2_2_value":0.6547547,"control_unit_firmware":2000,"coolantTemp":201.53812,"intakeAirTemp":18.780598,"intakeAirFlowSpeed":15.997148,"batteryPercentage":35.091705,"batteryVoltage":2989.3672,"currentDraw":1827.5753,"engineVibrationAmplitude":1768.1818,"throttlePos":0.66861683,"tirePressure11":34,"tirePressure12":33,"tirePressure21":34,"tirePressure22":32,"accelerometer11Value":0.8676127,"accelerometer12Value":0.1263411,"accelerometer21Value":0.09983331,"accelerometer22Value":0.6547547,"controlUnitFirmware":2000}
{"coolant_temp":165.29301,"intake_air_temp":18.780598,"intake_air_flow_speed":15.997148,"battery_percentage":35.074024,"battery_voltage":2989.3672,"current_draw":1465.1244,"speed":18.314468,"engine_vibration_amplitude":1831.4468,"throttle_pos":0.5360145,"tire_pressure_1_1":30,"tire_pressure_1_2":31,"tire_pressure_2_1":32,"tire_pressure_2_2":34,"accelerometer_1_1_value":0.9441347,"accelerometer_1_2_value":0.46878946,"accelerometer_2_1_value":0.11099398,"accelerometer_2_2_value":0.5033552,"control_unit_firmware":2000,"coolantTemp":165.29301,"intakeAirTemp":18.780598,"intakeAirFlowSpeed":15.997148,"batteryPercentage":35.074024,"batteryVoltage":2989.3672,"currentDraw":1465.1244,"engineVibrationAmplitude":1831.4468,"throttlePos":0.5360145,"tirePressure11":30,"tirePressure12":31,"tirePressure21":32,"tirePressure22":34,"accelerometer11Value":0.9441347,"accelerometer12Value":0.46878946,"accelerometer21Value":0.11099398,"accelerometer22Value":0.5033552,"controlUnitFirmware":2000}
{"coolant_temp":38.476746,"intake_air_temp":18.780598,"intake_air_flow_speed":15.997148,"battery_percentage":35.05571,"battery_voltage":2989.3672,"current_draw":196.96152,"speed":15.212029,"engine_vibration_amplitude":1521.203,"throttle_pos":0.0720582,"tire_pressure_1_1":30,"tire_pressure_1_2":31,"tire_pressure_2_1":32,"tire_pressure_2_2":33,"accelerometer_1_1_value":0.8375242,"accelerometer_1_2_value":0.110085964,"accelerometer_2_1_value":0.3262537,"accelerometer_2_2_value":0.7337609,"control_unit_firmware":2000,"coolantTemp":38.476746,"intakeAirTemp":18.780598,"intakeAirFlowSpeed":15.997148,"batteryPercentage":35.05571,"batteryVoltage":2989.3672,"currentDraw":196.96152,"engineVibrationAmplitude":1521.203,"throttlePos":0.0720582,"tirePressure11":30,"tirePressure12":31,"tirePressure21":32,"tirePressure22":33,"accelerometer11Value":0.8375242,"accelerometer12Value":0.110085964,"accelerometer21Value":0.3262537,"accelerometer22Value":0.7337609,"controlUnitFirmware":2000}
{"coolant_temp":135.5013,"intake_air_temp":18.780598,"intake_air_flow_speed":15.997148,"battery_percentage":35.040497,"battery_voltage":2989.3672,"current_draw":1167.207,"speed":15.490912,"engine_vibration_amplitude":1549.0912,"throttle_pos":0.42702168,"tire_pressure_1_1":32,"tire_pressure_1_2":34,"tire_pressure_2_1":33,"tire_pressure_2_2":33,"accelerometer_1_1_value":0.6842659,"accelerometer_1_2_value":0.6073851,"accelerometer_2_1_value":0.8996226,"accelerometer_2_2_value":0.7292762,"control_unit_firmware":2000,"coolantTemp":135.5013,"intakeAirTemp":18.780598,"intakeAirFlowSpeed":15.997148,"batteryPercentage":35.040497,"batteryVoltage":2989.3672,"currentDraw":1167.207,"engineVibrationAmplitude":1549.0912,"throttlePos":0.42702168,"tirePressure11":32,"tirePressure12":34,"tirePressure21":33,"tirePressure22":33,"accelerometer11Value":0.6842659,"accelerometer12Value":0.6073851,"accelerometer21Value":0.8996226,"accelerometer22Value":0.7292762,"controlUnitFirmware":2000}
{"coolant_temp":54.89673,"intake_air_temp":18.780598,"intake_air_flow_speed":15.997148,"battery_percentage":35.025005,"battery_voltage":2989.3672,"current_draw":361.16135,"speed":13.420415,"engine_vibration_amplitude":1342.0415,"throttle_pos":0.13213056,"tire_pressure_1_1":32,"tire_pressure_1_2":34,"tire_pressure_2_1":33,"tire_pressure_2_2":31,"accelerometer_1_1_value":0.5263264,"accelerometer_1_2_value":0.7332229,"accelerometer_2_1_value":0.84377503,"accelerometer_2_2_value":3.1870396,"control_unit_firmware":2000,"coolantTemp":54.89673,"intakeAirTemp":18.780598,"intakeAirFlowSpeed":15.997148,"batteryPercentage":35.025005,"batteryVoltage":2989.3672,"currentDraw":361.16135,"engineVibrationAmplitude":1342.0415,"throttlePos":0.13213056,"tirePressure11":32,"tirePressure12":34,"tirePressure21":33,"tirePressure22":31,"accelerometer11Value":0.5263264,"accelerometer12Value":0.7332229,"accelerometer21Value":0.84377503,"accelerometer22Value":3.1870396,"controlUnitFirmware":2000}
{"coolant_temp":46.797337,"intake_air_temp":18.780598,"intake_air_flow_speed":15.997148,"battery_percentage":35.011585,"battery_voltage":2989.3672,"current_draw":280.16742,"speed":11.533548,"engine_vibration_amplitude":1153.3549,"throttle_pos":0.10249901,"tire_pressure_1_1":32,"tire_pressure_1_2":32,"tire_pressure_2_1":31,"tire_pressure_2_2":30,"accelerometer_1_1_value":0.8687167,"accelerometer_1_2_value":0.89105976,"accelerometer_2_1_value":0.48327583,"accelerometer_2_2_value":3.886881,"control_unit_firmware":2000,"coolantTemp":46.797337,"intakeAirTemp":18.780598,"intakeAirFlowSpeed":15.997148,"batteryPercentage":35.011585,"batteryVoltage":2989.3672,"currentDraw":280.16742,"engineVibrationAmplitude":1153.3549,"throttlePos":0.10249901,"tirePressure11":32,"tirePressure12":32,"tirePressure21":31,"tirePressure22":30,"accelerometer11Value":0.8687167,"accelerometer12Value":0.89105976,"accelerometer21Value":0.48327583,"accelerometer22Value":3.886881,"controlUnitFirmware":2000}
{"coolant_temp":74.675575,"intake_air_temp":18.780598,"intake_air_flow_speed":15.997148,"battery_percentage":35.000053,